Item Id;Material Length (mm);Operation Time Per PC;Unit for Operation Time;Machine Id;FORECAST_YEAR;Current FIXED_LOT_SIZE (This should be optimized);Consumed January;Consumed February;Consumed March;Consumed April;Consumed May;Consumed June;Consumed July;Consumed August;Consumed September;Consumed October;Consumed November;Consumed December;Consumed Total 2024:;Actual vs. FC;;;;
0000000001;13;3,48;MIN;55235206;6941;493;603;430;598;585;612;497;166;277;415;610;300;169;5262;-1679;;;;
0000000002;24;4,61;MIN;55235207;5007;528;562;494;466;719;525;542;51;372;345;614;438;319;5447;440;;;;
0000000003;13;3,03;MIN;55235206;4982;419;307;270;412;441;540;323;201;295;486;558;107;337;4277;-705;;;;
0000000004;53;5,091;MIN;55235206;4308;440;585;568;570;571;572;0;591;0;577;0;561;573;5168;860;;;;
0000000005;26;4,81;MIN;55235207;4064;581;320;360;240;381;241;193;200;241;292;321;280;280;3349;-715;;;;
0000000006;28;13,75;MIN;55235207;3556;275;385;0;347;359;0;0;375;0;0;323;0;325;2114;-1442;;;;
0000000007;32;8,84;MIN;55235206;3368;349;393;420;324;360;353;183;173;129;488;526;201;197;3747;379;;;;
0000000008;46;8,13;MIN;55235240;2771;301;183;288;354;364;213;146;65;243;171;222;216;39;2504;-267;;;;
0000000009;57;7,17;MIN;55235206;2679;284;290;290;283;300;288;270;297;0;305;0;294;291;2908;229;;;;
0000000010;13;4,48;MIN;55235206;2663;328;169;190;45;295;184;148;142;169;183;223;119;96;1963;-700;;;;
0000000011;53;7,28;MIN;55235206;2607;325;325;500;40;400;450;112;388;100;388;638;486;0;3827;1220;;;;
0000000012;56;11,3;MIN;55235240;2552;305;200;215;200;248;306;132;125;243;810;990;155;129;3753;1201;;;;
0000000013;48;4,42;MIN;55235206;2547;400;442;0;0;381;0;382;436;0;0;887;396;0;2924;377;;;;
0000000014;48;3,92;MIN;55235206;2521;383;0;468;0;418;0;0;0;0;0;400;0;0;1286;-1235;;;;
0000000015;45;7,26;MIN;55235240;2402;292;151;178;307;274;219;171;59;192;72;236;130;156;2145;-257;;;;
0000000016;36;7,67;MIN;55235207;2317;381;246;294;232;279;323;154;44;131;214;196;229;135;2477;160;;;;
0000000017;46;8,35;MIN;55235207;2283;287;261;352;199;225;134;369;194;169;187;192;127;90;2499;216;;;;
0000000018;46;5,78;MIN;55235206;2268;333;261;352;199;226;382;111;194;169;187;192;127;90;2490;222;;;;
0000000019;60;7,65;MIN;55235206;2259;240;574;410;0;0;340;341;0;300;0;323;318;0;2606;347;;;;
0000000020;20;7,3;MIN;55235207;2231;286;264;0;257;0;559;0;0;292;0;275;258;0;1905;-326;;;;
0000000021;13;3,29;MIN;55235206;2040;282;148;204;236;239;292;165;115;132;357;316;315;113;2632;592;;;;
0000000022;67;6,83;MIN;55235240;1996;239;22;13;286;30;1;105;8;21;20;92;129;0;727;-1269;;;;
0000000023;32;5,59;MIN;55235206;1876;368;0;445;428;0;449;451;0;0;475;0;0;0;2248;372;;;;
0000000024;20;9,14;MIN;55235207;1796;192;145;151;0;178;193;0;0;0;181;124;0;0;972;-824;;;;
0000000025;34;10,517;MIN;55235206;1770;198;0;0;172;0;0;175;0;0;0;0;0;170;517;-1253;;;;
0000000026;109;10,99;MIN;55235240;1727;213;0;269;0;0;230;228;223;229;31;223;0;216;1649;-78;;;;
0000000027;56;8,4;MIN;55235241;1700;173;163;0;0;0;0;0;0;167;0;0;285;0;615;-1085;;;;
0000000028;28;13,75;MIN;55235207;1689;180;181;208;0;0;216;0;0;220;0;229;0;0;1054;-635;;;;
0000000029;24;7,15;MIN;55235207;1652;177;0;0;0;0;0;0;173;0;174;0;0;201;548;-1104;;;;
0000000030;34;7,42;MIN;55235207;1602;200;202;0;0;0;0;157;0;0;0;172;0;228;759;-843;;;;
0000000031;48;8,35;MIN;55235207;1522;189;171;252;170;174;157;33;30;99;38;66;164;13;1367;-155;;;;
0000000032;47;13,35;MIN;55235240;1501;256;92;139;138;104;90;114;55;129;75;120;106;61;1223;-278;;;;
0000000033;55;5,31;MIN;55235206;1471;308;0;586;0;0;0;0;482;0;0;0;481;0;1549;78;;;;
0000000034;48;4,33;MIN;55235206;1433;204;0;231;0;246;0;0;0;0;0;202;0;0;679;-754;;;;
0000000035;30;13,75;MIN;55235207;1415;185;0;168;0;0;0;169;0;179;0;193;0;0;709;-706;;;;
0000000036;50;3,63;MIN;55235206;1382;339;49;107;233;175;97;87;17;56;43;131;86;169;1250;-132;;;;
0000000037;21;6,78;MIN;55235207;1367;296;405;381;375;0;383;0;0;380;0;0;0;292;2216;849;;;;
0000000038;49;11,234;MIN;55235207;1326;173;174;0;0;0;0;0;0;0;0;0;82;0;256;-1070;;;;
0000000039;27;6,98;MIN;55235207;1310;182;182;0;0;0;0;210;0;0;0;0;199;0;591;-719;;;;
0000000040;18;9,98;MIN;55235206;1294;224;66;138;131;130;99;54;41;59;93;130;115;34;1090;-204;;;;
0000000041;79;26,74;MIN;55235240;1287;88;54;115;35;83;31;106;20;22;26;42;143;9;686;-601;;;;
0000000042;30;6,34;MIN;55235207;1286;222;94;68;142;120;99;96;42;51;65;142;144;5;1068;-218;;;;
0000000043;19;9,88;MIN;55235207;1280;243;513;0;237;0;0;0;244;244;0;0;242;0;1480;200;;;;
0000000044;28;13,75;MIN;55235207;1228;194;0;191;0;209;0;0;0;0;0;195;0;0;595;-633;;;;
0000000045;154;17,55;MIN;55235241;1172;137;128;0;0;0;137;0;0;0;0;0;0;133;398;-774;;;;
0000000046;36;14,53;MIN;55235207;1163;192;83;92;95;66;75;69;36;45;96;82;96;39;874;-289;;;;
0000000047;104;12,45;MIN;55235240;1160;158;131;89;109;99;4;130;31;88;101;96;133;12;1023;-137;;;;
0000000048;13;2,55;MIN;55235206;1155;282;45;150;15;105;70;33;10;19;83;140;38;37;745;-410;;;;
0000000049;59;22,69;MIN;55235240;1144;101;166;76;87;350;130;10;16;2;180;152;90;35;1294;150;;;;
0000000050;27;6,91;MIN;55235207;1133;172;0;0;133;0;0;210;0;0;0;142;0;0;485;-648;;;;
0000000051;60;4,53;MIN;55235206;1105;246;276;0;0;0;281;0;0;0;280;0;280;0;1117;12;;;;
0000000052;23;12,84;MIN;55235207;1095;150;0;0;221;0;0;0;0;0;145;0;0;0;366;-729;;;;
0000000053;67;5,95;MIN;55235206;1073;265;0;0;0;392;0;253;0;0;276;288;287;0;1496;423;;;;
0000000054;50;4,18;MIN;55235206;1061;185;179;0;0;185;0;0;198;0;0;195;0;0;757;-304;;;;
0000000055;65;8,06;MIN;55235240;1052;185;108;76;62;141;216;19;71;113;71;121;47;68;1113;61;;;;
0000000056;40;6,56;MIN;55235206;1036;236;376;0;0;0;0;0;210;0;205;0;0;0;791;-245;;;;
0000000057;50;4,95;MIN;55235206;1034;262;104;71;74;100;122;84;42;136;29;105;44;91;1002;-32;;;;
0000000058;36;14,58;MIN;55235207;1012;184;77;85;85;83;128;32;9;139;65;91;67;91;952;-60;;;;
0000000059;112;34,51;MIN;55235240;974;78;39;14;10;58;13;63;8;38;33;80;70;39;465;-509;;;;
0000000060;98;8,35;MIN;55235206;971;145;154;0;0;153;0;0;0;151;0;0;0;0;458;-513;;;;
0000000061;50;5,63;MIN;55235207;968;223;0;436;0;261;0;292;0;0;0;506;0;0;1495;527;;;;
0000000062;78;26,95;MIN;55235241;968;75;26;14;61;25;10;61;8;8;37;96;110;34;490;-478;;;;
0000000063;58;4,21;MIN;55235206;962;267;0;0;358;0;0;0;388;0;0;0;0;0;746;-216;;;;
0000000064;86;8,84;MIN;55235241;903;203;57;33;91;73;46;45;39;18;9;56;87;44;598;-305;;;;
0000000065;26;5,6;MIN;55235207;867;308;40;80;57;0;120;40;40;40;52;160;40;80;749;-118;;;;
0000000066;81;22,61;MIN;55235207;805;154;41;37;64;31;44;1;0;7;42;60;198;39;564;-241;;;;
0000000067;30;9,62;MIN;55235241;799;156;404;0;0;0;0;0;0;0;0;195;0;0;599;-200;;;;
0000000068;30;9,1;MIN;55235241;798;170;199;0;0;0;0;395;0;0;0;0;0;348;942;144;;;;
0000000069;52;23,14;MIN;55235207;766;109;34;10;20;2;124;45;52;26;54;16;85;67;535;-231;;;;
0000000070;57;15,23;MIN;55235240;746;166;78;57;8;58;118;109;15;67;47;9;123;59;748;2;;;;
0000000071;16;6,5;MIN;55235207;745;229;398;0;0;306;0;0;0;301;0;0;0;0;1005;260;;;;
0000000072;50;4,44;MIN;55235206;742;174;0;0;0;197;0;0;0;0;179;0;0;183;559;-183;;;;
0000000073;55;4,84;MIN;55235206;734;197;0;0;0;0;0;375;0;0;0;0;0;327;702;-32;;;;
0000000074;53;3,33;MIN;55235206;733;243;356;0;0;0;0;333;0;0;0;0;0;329;1018;285;;;;
0000000075;24;17,3;MIN;55235206;711;94;35;50;40;66;55;10;25;25;40;79;69;2;496;-215;;;;
0000000076;47;5,95;MIN;55235241;708;160;0;0;0;0;184;0;0;0;0;0;255;0;439;-269;;;;
0000000077;31;6,46;MIN;55235241;704;130;0;0;126;0;0;0;0;0;0;0;123;0;249;-455;;;;
0000000078;47;17,46;MIN;55235207;703;105;80;57;89;77;56;73;26;56;45;65;54;55;733;30;;;;
0000000079;44;15,26;MIN;55235241;703;126;121;0;0;0;0;0;0;0;263;0;0;0;384;-319;;;;
0000000080;88;11,414;MIN;55235240;697;173;64;33;116;75;89;21;5;60;35;84;44;21;647;-50;;;;
0000000081;21;10,21;MIN;55235207;695;148;250;157;84;138;57;78;36;9;65;54;26;7;961;266;;;;
0000000082;60;6,38;MIN;55235207;685;143;0;137;0;140;0;0;0;134;0;123;0;0;534;-151;;;;
0000000083;19;9,035;MIN;55235207;669;202;0;0;222;0;0;0;0;0;240;0;0;0;462;-207;;;;
0000000084;57;14,17;MIN;55235241;666;121;0;0;0;0;102;0;0;134;0;0;0;119;355;-311;;;;
0000000085;49;6,61;MIN;55235207;655;221;114;111;78;148;54;78;33;9;57;45;26;7;760;105;;;;
0000000086;51;14,04;MIN;55235241;640;101;0;0;0;102;0;0;0;0;95;0;147;0;344;-296;;;;
0000000087;79;9,45;MIN;55235206;633;131;146;0;0;0;138;0;131;0;0;149;0;149;713;80;;;;
0000000088;45;23,67;MIN;55235241;612;83;0;0;0;0;0;85;0;0;65;77;0;0;227;-385;;;;
0000000089;36;4,2;MIN;55235207;600;160;37;59;35;49;80;44;5;31;77;34;35;15;501;-99;;;;
0000000090;74;8,62;MIN;55235206;595;158;0;156;0;0;141;0;0;0;146;0;145;0;588;-7;;;;
0000000091;56;6,38;MIN;55235206;590;157;255;208;0;250;0;0;0;0;0;0;0;0;713;123;;;;
0000000092;66;6,43;MIN;55235206;586;195;0;0;0;0;0;0;0;105;0;0;0;139;244;-342;;;;
0000000093;72;19,99;MIN;55235240;582;25;1;26;2;40;2;18;10;0;0;46;27;32;204;-378;;;;
0000000094;28;21,5;MIN;55235241;575;79;10;20;2;0;2;68;0;0;0;26;48;9;185;-390;;;;
0000000095;47;6,63;MIN;55235241;559;143;0;0;0;0;117;0;0;0;0;0;114;0;231;-328;;;;
0000000096;52;6,54;MIN;55235206;551;164;155;0;0;174;0;0;0;175;0;0;171;0;675;124;;;;
0000000097;51;17,46;MIN;55235207;545;97;17;10;29;23;12;46;12;31;120;8;27;24;359;-186;;;;
0000000098;34;8,94;MIN;55235207;525;135;0;143;0;0;142;0;0;0;0;0;142;0;427;-98;;;;
0000000099;93;14,17;MIN;55235207;523;124;0;160;0;160;0;0;168;0;163;0;0;0;651;128;;;;
0000000100;50;11,234;MIN;55235207;522;109;147;0;0;151;0;0;0;0;133;0;0;0;431;-91;;;;
0000000101;50;4,23;MIN;55235206;494;199;286;0;0;0;0;0;0;0;325;0;0;0;611;117;;;;
0000000102;25;9,68;MIN;55235207;494;101;115;105;0;0;0;0;0;0;134;0;200;0;554;60;;;;
0000000103;79;6,31;MIN;55235206;493;167;194;0;0;0;157;0;246;0;0;0;0;0;597;104;;;;
0000000104;28;13,75;MIN;55235207;492;106;0;0;0;149;0;0;0;0;138;0;0;0;287;-205;;;;
0000000105;34;7,01;MIN;55235207;482;204;60;80;100;40;45;40;0;0;40;80;40;20;545;63;;;;
0000000106;33;12,09;MIN;55235241;475;89;0;0;0;0;123;0;0;0;0;115;0;155;393;-82;;;;
0000000107;45;7,97;MIN;55235241;470;93;0;0;0;101;0;0;0;0;87;0;0;0;188;-282;;;;
0000000108;49;10,92;MIN;55235241;468;108;43;38;68;58;35;7;38;0;65;66;42;51;511;43;;;;
0000000109;24;5,5;MIN;55235207;467;161;51;70;40;73;87;37;22;5;8;61;43;18;515;48;;;;
0000000110;24;6,16;MIN;55235207;458;175;64;35;30;114;110;29;32;8;27;36;30;17;532;74;;;;
0000000111;20;6,46;MIN;55235207;455;197;0;186;0;0;200;0;0;0;0;0;196;0;582;127;;;;
0000000112;16;7,54;MIN;55235207;454;137;119;0;0;0;137;0;0;0;137;0;0;0;393;-61;;;;
0000000113;46;10,4;MIN;55235241;454;102;0;0;0;0;0;0;0;0;134;0;0;0;134;-320;;;;
0000000114;46;13,16;MIN;55235241;452;103;0;0;125;0;0;0;0;0;0;102;0;0;227;-225;;;;
0000000115;20;8,71;MIN;55235207;448;91;0;0;85;0;0;0;0;45;0;90;0;0;220;-228;;;;
0000000116;56;7,24;MIN;55235206;446;109;0;0;0;117;0;0;0;0;0;0;0;113;230;-216;;;;
0000000117;54;6,39;MIN;55235207;437;152;0;207;0;0;210;0;0;209;0;0;0;0;626;189;;;;
0000000118;52;7,86;MIN;55235207;435;129;0;0;0;138;0;0;0;0;141;0;0;221;500;65;;;;
0000000119;73;7,36;MIN;55235206;426;110;0;0;106;112;0;0;0;0;0;222;0;0;440;14;;;;
0000000120;78;17,13;MIN;55235240;424;82;24;14;25;24;12;30;19;23;23;59;45;13;311;-113;;;;
0000000121;57;11,28;MIN;55235241;424;95;0;0;0;119;0;0;0;0;0;102;0;0;221;-203;;;;
0000000122;24;5,53;MIN;55235207;392;214;74;20;64;37;58;22;30;4;12;32;24;8;385;-7;;;;
0000000123;97;25;MIN;55235207;391;71;15;13;32;2;14;12;0;17;8;10;29;5;157;-234;;;;
0000000124;93;16,01;MIN;55235241;380;64;0;0;80;0;0;0;0;0;93;0;79;0;252;-128;;;;
0000000125;57;4,21;MIN;55235206;377;152;0;0;191;0;0;182;0;0;0;0;333;0;706;329;;;;
0000000126;60;4,82;MIN;55235206;374;147;0;0;160;0;0;0;0;0;162;0;0;140;462;88;;;;
0000000127;19;8,19;MIN;55235207;373;118;204;0;0;196;0;0;0;0;185;0;0;0;585;212;;;;
0000000128;34;9,35;MIN;55235207;370;103;0;0;0;0;91;0;0;0;0;0;88;0;179;-191;;;;
0000000129;57;11,74;MIN;55235241;368;91;0;0;0;0;87;0;0;0;0;0;90;0;177;-191;;;;
0000000130;27;7,28;MIN;55235207;366;208;99;160;160;207;120;40;40;0;201;103;160;80;1370;1004;;;;
0000000131;72;19,98;MIN;55235240;363;28;17;11;14;25;6;56;7;30;13;72;30;16;297;-66;;;;
0000000132;37;11,7;MIN;55235207;360;143;43;36;12;17;53;7;15;30;28;26;77;14;358;-2;;;;
0000000133;35;12,98;MIN;55235240;352;120;7;14;31;24;6;38;9;30;13;68;41;8;289;-63;;;;
0000000134;80;16,16;MIN;55235241;352;72;0;0;0;0;0;69;0;0;0;90;0;0;159;-193;;;;
0000000135;39;12,03;MIN;55235241;344;134;19;17;35;30;28;8;17;2;5;38;39;3;241;-103;;;;
0000000136;23;6,97;MIN;55235207;342;100;0;0;100;0;0;0;0;0;0;0;97;0;197;-145;;;;
0000000137;59;5,73;MIN;55235206;324;105;117;0;120;0;128;0;18;0;134;0;0;0;517;193;;;;
0000000138;48;7,37;MIN;55235206;322;112;109;0;0;0;0;0;0;0;101;0;103;0;313;-9;;;;
0000000139;22;7,683;MIN;55235207;322;180;121;0;0;0;0;0;0;141;0;0;0;0;262;-60;;;;
0000000140;50;8,75;MIN;55235207;317;101;0;0;152;0;0;0;0;0;105;0;0;0;257;-60;;;;
0000000141;48;25,93;MIN;55235241;316;60;0;12;3;2;11;0;8;3;28;9;27;25;128;-188;;;;
0000000142;56;7,8;MIN;55235206;312;122;0;0;0;0;0;0;0;0;0;113;0;0;113;-199;;;;
0000000143;35;16,69;MIN;55235241;311;95;0;31;1;2;0;12;0;15;15;15;30;15;136;-175;;;;
0000000144;58;5;MIN;55235206;309;163;0;0;0;0;0;196;0;0;0;0;0;0;196;-113;;;;
0000000145;44;23,14;MIN;55235207;306;77;19;29;27;8;13;3;2;13;17;46;64;1;242;-64;;;;
0000000146;46;11,68;MIN;55235241;299;78;0;0;0;57;0;0;0;0;0;69;0;0;126;-173;;;;
0000000147;45;9,62;MIN;55235241;299;79;0;0;0;0;0;0;0;75;0;0;0;0;75;-224;;;;
0000000148;60;6,91;MIN;55235206;296;104;0;0;0;0;97;0;0;113;0;0;0;0;210;-86;;;;
0000000149;49;10,76;MIN;55235207;296;95;0;0;121;0;0;120;0;0;0;0;102;0;343;47;;;;
0000000150;77;6,43;MIN;55235206;288;178;0;472;0;0;0;0;0;0;0;171;0;0;643;355;;;;
0000000151;57;7,65;MIN;55235206;280;130;0;0;0;0;0;0;0;0;0;154;0;0;154;-126;;;;
0000000152;48;11,234;MIN;55235207;278;82;101;0;41;0;0;0;0;0;0;0;0;0;142;-136;;;;
0000000153;24;8,34;MIN;55235207;273;87;0;85;0;0;0;0;0;0;0;0;73;0;158;-115;;;;
0000000154;56;13,21;MIN;55235241;273;101;45;19;4;0;29;21;30;19;16;22;33;4;242;-31;;;;
0000000155;81;5,85;MIN;55235206;271;79;0;218;0;0;0;0;147;0;0;0;0;0;365;94;;;;
0000000156;76;7,58;MIN;55235240;271;73;0;132;0;0;120;0;0;165;104;188;0;0;709;438;;;;
0000000157;47;6,81;MIN;55235207;269;137;26;28;16;23;45;12;1;28;41;34;28;0;282;13;;;;
0000000158;57;3,49;MIN;55235206;266;181;225;448;222;0;314;222;0;0;0;0;0;0;1431;1165;;;;
0000000159;43;5,93;MIN;55235206;263;144;28;8;10;18;0;0;0;20;2;16;40;25;167;-96;;;;
0000000160;70;6,41;MIN;55235206;256;89;0;0;0;0;0;106;0;0;0;115;0;0;221;-35;;;;
0000000161;39;13,08;MIN;55235241;255;110;17;13;10;22;9;28;8;8;15;56;19;2;207;-48;;;;
0000000162;32;10,84;MIN;55235241;255;116;17;14;10;22;9;28;8;8;15;56;19;1;207;-48;;;;
0000000163;28;4,53;MIN;55235207;251;128;20;20;20;40;20;20;0;20;20;20;0;20;220;-31;;;;
0000000164;36;5,91;MIN;55235207;245;101;0;0;0;0;71;0;0;0;0;0;0;0;71;-174;;;;
0000000165;32;5,95;MIN;55235207;245;100;0;0;0;0;0;0;0;0;68;0;0;0;68;-177;;;;
0000000166;151;15,91;MIN;55235241;242;80;0;0;0;112;0;102;0;0;63;0;0;126;403;161;;;;
0000000167;32;10,18;MIN;55235241;226;114;7;6;23;17;6;25;6;7;6;17;18;8;146;-80;;;;
0000000168;94;9,53;MIN;55235206;220;114;0;0;0;0;0;0;0;0;0;0;0;0;0;-220;;;;
0000000169;71;9,68;MIN;55235206;214;120;0;0;0;0;182;0;0;0;0;0;0;0;182;-32;;;;
0000000170;57;13,54;MIN;55235206;214;77;9;10;12;50;76;13;24;9;15;35;14;17;284;70;;;;
0000000171;71;6,09;MIN;55235206;212;84;0;0;0;0;0;93;0;0;0;0;98;0;191;-21;;;;
0000000172;80;17,68;MIN;55235241;212;47;0;0;0;0;0;0;0;0;70;0;0;0;70;-142;;;;
0000000173;30;7,99;MIN;55235206;211;84;9;14;23;16;35;6;17;4;17;38;4;20;203;-8;;;;
0000000174;79;6,29;MIN;55235206;206;99;0;0;124;0;0;0;0;0;0;0;0;0;124;-82;;;;
0000000175;54;6,06;MIN;55235207;204;103;0;0;0;110;0;0;0;0;0;0;0;67;177;-27;;;;
0000000176;20;7,19;MIN;55235207;204;94;249;0;144;189;0;0;0;0;148;0;0;0;730;526;;;;
0000000177;60;18,85;MIN;55235241;198;85;6;5;7;4;23;2;9;23;23;19;13;8;142;-56;;;;
0000000178;81;3,3;MIN;55235206;196;122;0;128;0;0;0;0;0;0;0;121;0;0;249;53;;;;
0000000179;40;7,55;MIN;55235207;194;106;36;29;11;34;19;5;8;7;15;19;20;6;209;15;;;;
0000000180;31;4,49;MIN;55235206;193;10;200;0;0;196;0;0;0;0;0;0;0;0;396;203;;;;
0000000181;16;8,03;MIN;55235207;190;111;0;0;0;0;72;0;0;0;0;0;89;0;161;-29;;;;
0000000182;48;26,97;MIN;55235241;189;57;2;5;6;5;18;2;9;13;23;11;14;9;117;-72;;;;
0000000183;60;6,46;MIN;55235206;180;99;0;0;0;0;0;0;0;0;71;0;0;73;144;-36;;;;
0000000184;62;8,33;MIN;55235240;179;92;12;32;237;20;6;2;0;3;13;12;27;3;367;188;;;;
0000000185;60;10,4;MIN;55235241;179;99;12;32;53;20;6;2;0;3;13;12;27;3;183;4;;;;
0000000186;49;7,71;MIN;55235207;174;68;0;0;0;0;0;0;0;0;78;0;0;0;78;-96;;;;
0000000187;50;8,58;MIN;55235207;174;73;0;0;0;0;0;0;0;0;0;73;0;0;73;-101;;;;
0000000188;49;19,5;MIN;55235241;174;76;45;17;4;0;4;1;23;10;12;18;16;1;151;-23;;;;
0000000189;57;4,68;MIN;55235206;172;129;0;0;0;176;0;0;0;0;0;0;142;0;318;146;;;;
0000000190;29;7,49;MIN;55235206;172;82;0;198;0;0;0;0;89;0;0;156;0;0;443;271;;;;
0000000191;53;5,85;MIN;55235207;170;116;9;14;19;5;15;9;17;10;39;0;30;10;177;7;;;;
0000000192;98;13;MIN;55235241;164;75;6;32;6;7;7;9;0;0;11;14;1;26;119;-45;;;;
0000000193;76;5,85;MIN;55235206;162;86;0;0;0;0;79;0;0;0;0;0;88;0;167;5;;;;
0000000194;20;7,6;MIN;55235207;161;98;0;0;0;0;101;0;0;0;0;0;0;0;101;-60;;;;
0000000195;28;8,73;MIN;55235207;161;92;5;22;20;10;35;1;10;15;5;25;15;10;173;12;;;;
0000000196;22;8,51;MIN;55235207;157;104;87;0;0;0;0;0;0;98;0;0;0;0;185;28;;;;
0000000197;66;9,54;MIN;55235207;154;94;0;71;0;0;0;152;0;0;64;0;0;0;287;133;;;;
0000000198;36;13,02;MIN;55235206;150;55;0;0;0;0;0;4;0;0;102;0;0;0;106;-44;;;;
0000000199;37;8,76;MIN;55235207;142;71;16;24;5;11;12;10;1;14;22;6;16;1;138;-4;;;;
0000000200;97;8,86;MIN;55235206;141;60;0;0;0;85;0;0;0;0;0;66;0;0;151;10;;;;
0000000201;65;4,52;MIN;55235206;140;90;0;0;0;0;118;0;0;0;0;0;0;0;118;-22;;;;
0000000202;55;5,09;MIN;55235206;131;89;0;0;110;0;0;0;138;0;0;0;0;0;248;117;;;;
0000000203;260;33,15;MIN;55235241;126;39;0;48;0;0;0;0;0;0;0;0;0;0;48;-78;;;;
0000000204;49;20,15;MIN;55235241;115;51;2;11;1;14;64;22;7;13;4;11;16;0;165;50;;;;
0000000205;21;6,5;MIN;55235207;110;112;62;0;0;0;0;0;0;0;99;0;0;0;161;51;;;;
0000000206;74;7,8;MIN;55235206;109;78;0;0;79;0;0;246;0;0;0;0;0;0;325;216;;;;
0000000207;32;10,18;MIN;55235241;109;68;3;6;5;8;6;6;3;14;9;30;15;7;112;3;;;;
0000000208;36;25,68;MIN;55235206;108;43;0;0;0;0;61;0;0;0;0;0;0;0;61;-47;;;;
0000000209;60;8,21;MIN;55235207;107;64;0;0;90;0;0;0;0;133;0;0;0;0;223;116;;;;
0000000210;50;9,5;MIN;55235207;107;51;31;0;0;0;0;0;0;0;0;64;0;0;95;-12;;;;
0000000211;76;8,21;MIN;55235206;105;53;17;0;50;60;60;0;0;30;0;0;0;0;217;112;;;;
0000000212;32;6,7;MIN;55235206;105;71;8;11;23;16;41;29;0;0;1;2;4;0;135;30;;;;
0000000213;44;6;MIN;55235207;105;79;8;11;23;16;21;29;0;0;1;2;4;0;115;10;;;;
0000000214;78;4,545;MIN;55235206;103;82;50;0;0;0;0;0;0;0;0;50;0;0;100;-3;;;;
0000000215;39;3,86;MIN;55235206;103;96;0;0;0;81;0;0;0;0;0;99;0;0;180;77;;;;
0000000216;41;8,9;MIN;55235207;103;86;3;15;3;11;11;6;5;6;1;18;20;18;117;14;;;;
0000000217;16;5,61;MIN;55235207;100;75;0;0;0;0;0;0;154;0;0;0;0;0;154;54;;;;
0000000218;34;5,59;MIN;55235206;96;93;155;0;0;0;0;0;0;0;0;0;0;0;155;59;;;;
0000000219;97;5,33;MIN;55235206;95;77;0;0;0;0;0;0;0;0;119;0;0;0;119;24;;;;
0000000220;50;8,89;MIN;55235207;93;42;0;0;0;0;0;0;0;0;0;0;0;0;0;-93;;;;
0000000221;49;8,53;MIN;55235207;93;42;0;0;0;0;0;0;0;0;0;0;0;0;0;-93;;;;
0000000222;92;10,05;MIN;55235206;90;53;0;0;45;0;0;0;75;0;0;58;0;0;178;88;;;;
0000000223;85;10,92;MIN;55235207;88;52;6;5;0;6;0;4;0;8;10;4;6;6;55;-33;;;;
0000000224;24;5,655;MIN;55235206;85;99;14;0;7;9;7;6;3;11;3;5;15;6;86;1;;;;
0000000225;32;7,2;MIN;55235207;85;70;0;10;37;10;6;5;0;5;5;10;7;13;108;23;;;;
0000000226;57;5,61;MIN;55235206;81;59;0;0;0;0;0;0;0;0;0;0;0;0;0;-81;;;;
0000000227;19;6,39;MIN;55235207;79;63;0;62;0;0;0;0;0;74;0;0;0;0;136;57;;;;
0000000228;80;10,72;MIN;55235241;79;65;0;0;0;79;0;0;0;0;0;0;0;0;79;0;;;;
0000000229;41;8,905;MIN;55235241;78;60;4;2;11;0;6;3;1;4;1;1;4;8;45;-33;;;;
0000000230;35;13,26;MIN;55235241;78;59;0;0;0;0;0;0;0;0;79;0;0;0;79;1;;;;
0000000231;47;5,81;MIN;55235206;77;58;0;0;0;0;0;0;0;70;0;0;0;0;70;-7;;;;
0000000232;98;7,54;MIN;55235206;77;10;0;0;0;138;0;0;0;0;0;0;0;0;138;61;;;;
0000000233;70;22,07;MIN;55235241;77;38;14;2;14;4;1;0;0;26;4;3;9;1;78;1;;;;
0000000234;20;7,85;MIN;55235207;75;55;4;3;14;1;12;0;3;4;2;0;3;3;49;-26;;;;
0000000235;22;6,34;MIN;55235207;75;53;4;3;14;1;12;0;3;4;2;0;3;3;49;-26;;;;
0000000236;53;4,1;MIN;55235206;73;46;0;0;41;0;0;0;0;79;0;0;0;0;120;47;;;;
0000000237;20;9,64;MIN;55235207;73;37;0;0;43;0;0;0;0;0;0;0;0;0;43;-30;;;;
0000000238;22;7,54;MIN;55235207;73;37;0;0;0;0;0;0;0;0;0;0;0;0;0;-73;;;;
0000000239;32;7,09;MIN;55235207;69;55;8;109;20;22;28;0;0;0;2;0;0;10;199;130;;;;
0000000240;91;16,14;MIN;55235241;69;46;0;0;0;0;0;0;51;0;0;0;0;0;51;-18;;;;
0000000241;34;6,68;MIN;55235206;67;43;21;2;1;11;2;3;2;0;1;1;0;15;59;-8;;;;
0000000242;49;8,38;MIN;55235207;67;40;0;0;0;0;0;0;0;0;47;0;0;0;47;-20;;;;
0000000243;50;11,18;MIN;55235207;67;40;0;0;0;0;0;0;0;0;50;0;0;0;50;-17;;;;
0000000244;44;5,07;MIN;55235206;66;52;0;10;6;8;10;5;0;8;0;4;4;2;57;-9;;;;
0000000245;50;5,07;MIN;55235206;65;52;116;0;0;0;0;0;0;0;0;0;0;0;116;51;;;;
0000000246;84;5,59;MIN;55235206;65;78;0;0;0;0;0;0;0;58;0;0;0;0;58;-7;;;;
0000000247;56;3,36;MIN;55235206;65;44;0;0;0;0;0;0;0;126;0;0;0;0;126;61;;;;
0000000248;47;7,37;MIN;55235207;65;37;21;0;2;6;1;23;0;17;21;15;3;0;109;44;;;;
0000000249;69;6,11;MIN;55235206;64;59;0;0;0;0;0;0;0;0;25;0;64;0;89;25;;;;
0000000250;20;5,85;MIN;55235206;63;84;4;3;8;0;9;4;0;6;1;11;53;7;106;43;;;;
0000000251;38;10,51;MIN;55235207;63;35;0;0;0;0;0;0;0;0;0;0;0;0;0;-63;;;;
0000000252;32;5,34;MIN;55235207;63;89;0;0;0;0;0;0;127;0;0;0;0;0;127;64;;;;
0000000253;24;9,511;MIN;55235207;62;33;0;0;0;0;0;0;0;0;0;0;0;0;0;-62;;;;
0000000254;41;4,94;MIN;55235206;57;70;46;43;31;38;24;27;0;38;27;2;18;10;304;247;;;;
0000000255;69;7,04;MIN;55235206;56;54;0;0;0;0;0;0;0;0;0;0;0;0;0;-56;;;;
0000000256;90;16,51;MIN;55235241;55;36;10;4;3;4;4;0;0;4;5;3;8;1;46;-9;;;;
0000000257;156;19,955;MIN;55235206;54;27;26;0;0;0;0;0;0;0;0;0;0;0;26;-28;;;;
0000000258;82;8,47;MIN;55235206;54;66;0;0;0;0;0;59;0;0;0;0;0;0;59;5;;;;
0000000259;19;7,49;MIN;55235207;54;55;0;0;0;0;0;0;0;0;0;0;0;0;0;-54;;;;
0000000260;76;13,67;MIN;55235241;54;48;0;0;0;0;0;0;0;0;0;0;0;0;0;-54;;;;
0000000261;52;6,89;MIN;55235241;53;46;12;30;9;0;5;0;0;0;0;4;7;0;67;14;;;;
0000000262;62;7,8;MIN;55235206;50;27;0;0;0;0;0;50;0;0;0;0;0;0;50;0;;;;
0000000263;60;7,49;MIN;55235206;49;39;85;0;0;0;84;0;0;0;0;86;0;0;255;206;;;;
0000000264;125;24,05;MIN;55235241;48;36;0;0;0;0;31;0;0;0;0;0;0;0;31;-17;;;;
0000000265;60;6,48;MIN;55235207;46;36;0;0;0;0;45;0;0;0;0;0;0;0;45;-1;;;;
0000000266;65;4,25;MIN;55235206;43;44;0;0;0;0;0;0;0;0;0;0;0;0;0;-43;;;;
0000000267;87;8,86;MIN;55235206;43;42;0;56;0;0;0;0;0;0;0;0;0;0;56;13;;;;
0000000268;56;16,1;MIN;55235207;40;20;13;1;0;0;1;10;3;0;0;2;0;0;30;-10;;;;
0000000269;125;21,12;MIN;55235241;40;34;0;0;0;0;0;0;0;0;0;0;0;0;0;-40;;;;
0000000270;83;7,6;MIN;55235207;39;21;0;0;0;0;0;0;0;0;0;0;0;0;0;-39;;;;
0000000271;40;5,88;MIN;55235241;39;23;0;0;0;0;0;0;0;0;0;26;0;0;26;-13;;;;
0000000272;34;5,56;MIN;55235206;38;29;6;1;0;0;2;2;0;1;1;4;1;1;19;-19;;;;
0000000273;67;7,15;MIN;55235206;38;32;0;0;0;0;0;0;0;0;0;0;0;0;0;-38;;;;
0000000274;45;16,03;MIN;55235207;37;37;33;44;5;21;3;0;3;0;6;6;0;0;121;84;;;;
0000000275;38;10,92;MIN;55235207;36;18;14;0;0;0;0;10;3;0;0;0;0;0;27;-9;;;;
0000000276;106;11,72;MIN;55235241;36;23;0;0;54;0;0;0;2;0;0;0;0;0;56;20;;;;
0000000277;57;4,21;MIN;55235206;35;59;0;0;0;0;0;0;0;0;0;0;0;0;0;-35;;;;
0000000278;49;10,66;MIN;55235241;35;27;2;0;0;0;0;0;0;0;2;0;0;0;4;-31;;;;
0000000279;60;7,31;MIN;55235206;34;20;0;0;0;0;0;0;0;0;0;0;0;0;0;-34;;;;
0000000280;52;4,93;MIN;55235206;34;35;0;0;0;0;0;0;0;0;0;0;0;0;0;-34;;;;
0000000281;25;8,78;MIN;55235207;33;26;0;7;0;13;40;3;0;5;2;8;1;3;82;49;;;;
0000000282;34;5,98;MIN;55235241;33;32;0;0;15;0;0;0;0;0;0;0;0;0;15;-18;;;;
0000000283;39;15,47;MIN;55235241;33;16;0;0;11;0;0;0;0;0;35;0;0;0;46;13;;;;
0000000284;52;4,77;MIN;55235206;32;41;0;0;0;0;0;0;0;0;0;0;53;0;53;21;;;;
0000000285;87;4,5;MIN;55235206;32;44;0;0;0;0;0;0;0;82;0;0;0;0;82;50;;;;
0000000286;58;13,86;MIN;55235241;32;26;0;0;0;0;0;0;0;0;0;0;0;0;0;-32;;;;
0000000287;65;8,05;MIN;55235206;30;19;0;0;49;0;0;0;0;0;0;0;0;0;49;19;;;;
0000000288;22;4,52;MIN;55235207;29;33;0;58;0;0;0;0;0;0;0;0;0;0;58;29;;;;
0000000289;75;7,8;MIN;55235241;29;12;8;1;0;4;6;2;0;0;7;16;0;0;44;15;;;;
0000000290;56;10,43;MIN;55235206;28;15;0;0;0;0;19;0;0;0;0;0;0;0;19;-9;;;;
0000000291;31;8,97;MIN;55235207;28;20;2;0;2;0;0;2;0;0;6;0;0;6;18;-10;;;;
0000000292;59;8,19;MIN;55235241;28;33;0;0;0;0;29;0;0;0;0;0;0;0;29;1;;;;
0000000293;32;8,21;MIN;55235207;27;43;9;3;0;0;0;18;0;17;14;9;113;10;193;166;;;;
0000000294;41;7,41;MIN;55235241;27;24;1;0;0;1;0;0;0;1;1;3;3;0;10;-17;;;;
0000000295;76;8,46;MIN;55235241;27;24;1;0;0;1;0;0;0;1;1;3;3;0;10;-17;;;;
0000000296;70;5;MIN;55235206;25;29;0;0;0;0;35;0;0;0;0;0;0;0;35;10;;;;
0000000297;118;7,583;MIN;55235206;25;28;0;0;0;0;0;0;0;0;0;0;0;0;0;-25;;;;
0000000298;56;13,4;MIN;55235207;25;19;2;0;2;0;0;2;0;0;4;1;0;7;18;-7;;;;
0000000299;102;15,77;MIN;55235241;25;10;0;0;20;0;0;0;0;0;42;0;0;0;62;37;;;;
0000000300;61;7,74;MIN;55235206;23;11;0;0;0;0;0;0;0;0;0;0;0;0;0;-23;;;;
0000000301;77;10,26;MIN;55235207;23;12;0;0;0;0;0;0;0;0;0;0;0;0;0;-23;;;;
0000000302;82;10,29;MIN;55235241;23;17;4;4;5;0;7;0;14;0;2;0;0;0;36;13;;;;
0000000303;49;5,74;MIN;55235241;22;21;1;0;3;2;2;7;0;0;1;0;3;3;22;0;;;;
0000000304;90;20,8;MIN;55235241;22;22;0;0;0;0;0;0;0;0;0;11;0;0;11;-11;;;;
0000000305;31;3,13;MIN;55235206;21;22;0;0;0;0;0;92;0;0;0;0;0;0;92;71;;;;
0000000306;48;5,24;MIN;55235206;21;22;0;0;0;0;0;0;0;0;0;0;0;0;0;-21;;;;
0000000307;129;6,24;MIN;55235206;21;22;0;0;0;0;0;0;0;0;0;0;0;0;0;-21;;;;
0000000308;98;6,76;MIN;55235207;21;22;0;0;0;0;0;0;0;0;0;0;0;0;0;-21;;;;
0000000309;75;13,4;MIN;55235241;21;23;10;2;4;6;5;1;0;2;0;0;5;2;37;16;;;;
0000000310;65;5,33;MIN;55235207;20;19;0;0;0;0;0;0;0;0;0;0;0;0;0;-20;;;;
0000000311;60;10,1;MIN;55235241;20;20;7;16;17;2;5;1;6;1;3;24;8;4;94;74;;;;
0000000312;47;18,58;MIN;55235206;19;15;5;1;2;3;1;2;1;0;5;1;1;1;23;4;;;;
0000000313;88;10,08;MIN;55235241;19;17;3;3;2;0;1;0;1;1;3;2;4;0;20;1;;;;
0000000314;33;16,05;MIN;55235241;19;10;0;0;0;5;0;0;0;0;0;0;1;0;6;-13;;;;
0000000315;101;14,3;MIN;55235241;18;21;0;0;0;0;1;0;1;1;0;1;5;0;9;-9;;;;
0000000316;152;14,3;MIN;55235241;18;27;0;0;0;0;0;0;0;0;41;0;0;0;41;23;;;;
0000000317;132;15,9;MIN;55235241;17;10;0;0;0;0;0;0;53;0;0;0;0;0;53;36;;;;
0000000318;41;5,64;MIN;55235206;15;21;1;13;5;1;2;2;3;1;0;1;11;6;46;31;;;;
0000000319;44;6,63;MIN;55235241;15;16;9;2;3;3;4;0;0;2;0;0;5;0;28;13;;;;
0000000320;115;12,58;MIN;55235241;15;16;0;0;0;0;0;0;0;0;0;0;0;17;17;2;;;;
0000000321;65;19,52;MIN;55235206;14;12;3;1;0;2;1;0;0;1;7;0;1;1;17;3;;;;
0000000322;46;6,18;MIN;55235207;14;10;0;0;0;0;0;0;0;0;0;0;0;0;0;-14;;;;
0000000323;57;6,2;MIN;55235207;13;10;0;0;0;0;0;0;0;0;0;0;0;0;0;-13;;;;
0000000324;72;8,45;MIN;55235206;12;18;2;2;2;2;0;0;1;3;1;3;1;3;20;8;;;;
0000000325;56;15,6;MIN;55235207;12;16;0;2;1;4;0;0;0;0;2;4;0;0;13;1;;;;
0000000326;41;8,9;MIN;55235207;12;13;0;0;0;0;0;0;0;0;0;0;0;2;2;-10;;;;
0000000327;66;8,52;MIN;55235241;12;21;4;9;2;2;4;1;0;0;0;5;0;0;27;15;;;;
0000000328;36;6,24;MIN;55235241;12;20;4;9;2;2;4;1;0;0;0;5;0;0;27;15;;;;
0000000329;76;11,05;MIN;55235241;12;12;0;0;0;0;0;0;0;0;0;0;0;0;0;-12;;;;
0000000330;56;10,61;MIN;55235206;11;10;0;0;0;14;0;0;0;0;0;0;0;0;14;3;;;;
0000000331;34;8,45;MIN;55235207;11;10;0;0;0;13;0;0;0;0;0;0;0;0;13;2;;;;
0000000332;137;5,88;MIN;55235206;10;11;0;0;0;0;0;0;0;0;0;14;0;0;14;4;;;;
0000000333;47;4,52;MIN;55235206;10;10;0;0;0;0;0;0;0;0;0;0;0;0;0;-10;;;;
0000000334;38;12,64;MIN;55235207;10;11;0;1;0;0;2;2;0;0;0;5;5;0;15;5;;;;
0000000335;53;6,28;MIN;55235206;8;10;0;0;0;0;0;0;0;0;0;0;0;0;0;-8;;;;
0000000336;98;15;MIN;55235241;8;10;0;0;0;0;0;0;0;0;0;0;0;0;0;-8;;;;
0000000337;79;12,1;MIN;55235241;8;10;0;0;10;0;0;0;0;0;0;0;0;0;10;2;;;;
0000000338;102;13,96;MIN;55235241;8;10;0;0;0;0;0;0;0;0;0;0;0;0;0;-8;;;;
0000000339;96;11,23;MIN;55235241;8;10;0;0;0;0;0;0;0;0;0;0;0;0;0;-8;;;;
0000000340;56;10,01;MIN;55235206;7;10;0;0;0;0;0;0;0;0;0;0;0;0;0;-7;;;;
0000000341;87;8,86;MIN;55235206;7;10;0;4;0;0;4;4;0;2;0;3;0;0;17;10;;;;
0000000342;40;9,1;MIN;55235206;6;10;1;2;0;0;2;0;0;0;0;1;2;0;8;2;;;;
0000000343;93;8,84;MIN;55235207;5;10;0;0;0;0;0;0;0;0;0;0;0;0;0;-5;;;;
0000000344;94;21,64;MIN;55235241;5;10;0;0;0;0;0;0;0;0;0;0;0;0;0;-5;;;;
0000000345;60;20,48;MIN;55235241;4;10;0;5;2;0;0;0;0;0;0;0;1;0;8;4;;;;
0000000346;131;21,12;MIN;55235241;4;10;0;0;0;0;0;0;0;0;0;0;0;0;0;-4;;;;
0000000347;76;6,8;MIN;55235241;4;10;0;0;0;0;0;0;0;0;0;0;0;0;0;-4;;;;
0000000348;90;10,14;MIN;55235241;3;10;0;0;0;0;0;0;0;0;0;0;0;0;0;-3;;;;
0000000349;39;17,45;MIN;55235241;3;10;0;0;0;0;0;0;0;0;0;0;0;0;0;-3;;;;
0000000350;56;5,851;MIN;55235206;2;10;0;0;0;0;0;0;0;0;0;0;0;0;0;-2;;;;
0000000351;81;6,28;MIN;55235206;2;10;0;0;0;0;0;0;0;0;0;0;0;0;0;-2;;;;
0000000352;37;4,78;MIN;55235206;2;10;0;0;0;0;0;0;0;0;0;0;0;0;0;-2;;;;
0000000353;37;3,54;MIN;55235206;2;10;0;0;0;0;0;0;0;0;0;1;0;0;1;-1;;;;
0000000354;61;4,6;MIN;55235206;2;10;0;0;0;0;0;0;0;0;0;0;0;0;0;-2;;;;
0000000355;62;7,35;MIN;55235207;2;10;1;1;0;0;0;0;0;0;1;0;1;0;4;2;;;;
0000000356;36;8,45;MIN;55235207;2;10;0;0;0;0;0;0;0;0;0;0;0;0;0;-2;;;;
0000000357;41;12,72;MIN;55235207;2;10;0;0;0;0;0;0;0;0;0;1;0;0;1;-1;;;;
0000000358;34;6,77;MIN;55235207;2;10;0;0;0;0;0;0;0;0;0;0;0;0;0;-2;;;;
0000000359;34;6,15;MIN;55235241;2;10;0;0;0;0;0;0;0;0;0;0;0;0;0;-2;;;;
0000000360;108;14,62;MIN;55235241;2;10;0;0;0;0;0;0;0;0;0;0;0;0;0;-2;;;;
0000000361;67;12,95;MIN;55235241;2;10;0;0;0;0;12;0;0;0;0;0;0;0;12;10;;;;
0000000362;46;9,81;MIN;55235241;2;10;0;0;0;0;0;0;0;0;0;0;0;0;0;-2;;;;
0000000363;46;10,27;MIN;55235241;2;10;0;0;0;10;0;0;0;0;0;0;0;0;10;8;;;;
0000000364;57;14,17;MIN;55235241;2;10;0;0;0;0;0;0;0;0;0;0;0;0;0;-2;;;;
0000000365;36;15,88;MIN;55235207;1;10;0;0;0;0;0;0;0;0;0;0;0;1;1;0;;;;
0000000366;29;9;MIN;55235207;1;10;0;0;0;0;0;0;0;0;0;0;0;1;1;0;;;;
0000000367;30;8,58;MIN;55235206;0;10;0;0;0;0;0;0;0;0;0;0;0;0;0;0;;;;
0000000368;29;7,258;MIN;55235206;0;10;0;0;0;0;0;0;0;0;0;0;0;0;0;0;;;;
0000000369;30;5,39;MIN;55235206;0;10;0;0;0;0;0;0;0;0;0;0;0;0;0;0;;;;
0000000370;28;6,11;MIN;55235206;0;10;0;0;0;0;0;0;0;0;0;0;0;0;0;0;;;;
0000000371;31;6,11;MIN;55235206;0;10;0;0;0;0;0;0;0;0;0;0;0;0;0;0;;;;
0000000372;56;12,935;MIN;55235206;0;10;0;0;0;0;0;0;0;0;0;0;0;0;0;0;;;;
0000000373;56;9,25;MIN;55235206;0;10;0;0;0;0;0;0;0;0;0;0;0;0;0;0;;;;
0000000374;79;9,08;MIN;55235206;0;10;0;0;0;0;0;0;0;14;0;0;0;0;14;14;;;;
0000000375;46;4,498;MIN;55235206;0;10;0;0;0;0;0;0;0;0;0;0;0;0;0;0;;;;
0000000376;57;6,11;MIN;55235206;0;10;0;0;0;0;0;0;0;0;0;0;0;0;0;0;;;;
0000000377;137;5,61;MIN;55235206;0;10;0;0;0;0;0;0;0;0;0;0;0;0;0;0;;;;
0000000378;137;7,15;MIN;55235206;0;10;0;0;0;0;0;0;0;0;0;0;0;0;0;0;;;;
0000000379;161;6,87;MIN;55235206;0;10;8;0;0;0;0;0;0;0;0;0;0;0;8;8;;;;
0000000380;34;6,98;MIN;55235206;0;10;0;0;0;0;0;0;0;0;0;0;0;0;0;0;;;;
0000000381;29;7,47;MIN;55235206;0;10;0;0;0;0;0;0;0;0;0;0;0;0;0;0;;;;
0000000382;29;7,47;MIN;55235206;0;10;0;0;0;0;0;0;0;0;0;0;0;0;0;0;;;;
0000000383;42;3,8;MIN;55235206;0;10;0;0;0;0;0;0;0;0;0;0;0;0;0;0;;;;
0000000384;73;4,78;MIN;55235206;0;10;0;0;0;0;0;0;0;0;0;0;0;0;0;0;;;;
0000000385;54;5,46;MIN;55235206;0;10;0;0;0;0;0;0;0;0;0;0;0;0;0;0;;;;
0000000386;48;10,62;MIN;55235206;0;10;0;0;0;0;0;0;0;0;0;0;0;0;0;0;;;;
0000000387;37;4,636;MIN;55235206;0;10;0;0;0;0;0;0;0;0;0;0;0;0;0;0;;;;
0000000388;49;6,91;MIN;55235206;0;10;0;0;1;0;1;0;0;0;0;0;0;0;2;2;;;;
0000000389;39;29,46;MIN;55235206;0;10;0;0;0;1;1;0;0;1;0;0;0;0;3;3;;;;
0000000390;21;7,26;MIN;55235206;0;10;0;0;0;0;0;0;0;0;0;0;0;0;0;0;;;;
0000000391;26;6,93;MIN;55235206;0;10;0;0;0;0;0;0;0;0;0;0;0;0;0;0;;;;
0000000392;43;4;MIN;55235206;0;10;0;0;0;0;0;0;0;0;0;0;0;0;0;0;;;;
0000000393;43;3,08;MIN;55235206;0;10;0;0;0;0;0;0;0;0;0;0;0;0;0;0;;;;
0000000394;60;11,1;MIN;55235206;0;10;0;0;0;0;0;0;0;0;0;0;0;0;0;0;;;;
0000000395;29;4,58;MIN;55235206;0;10;0;0;0;0;0;0;0;0;0;0;0;0;0;0;;;;
0000000396;79;7,973;MIN;55235206;0;10;0;0;0;0;0;0;0;0;0;0;0;0;0;0;;;;
0000000397;65;4,96;MIN;55235206;0;10;0;0;0;0;0;0;0;0;0;0;0;0;0;0;;;;
0000000398;43;5,05;MIN;55235206;0;10;0;0;0;0;0;0;0;0;0;0;0;0;0;0;;;;
0000000399;65;5,62;MIN;55235206;0;10;0;0;0;0;0;0;0;0;0;0;0;0;0;0;;;;
0000000400;71;5,44;MIN;55235206;0;10;0;0;0;0;0;0;0;0;0;0;0;0;0;0;;;;
0000000401;66;9,31;MIN;55235206;0;10;0;0;0;0;0;0;0;0;0;0;0;0;0;0;;;;
0000000402;95;6,69;MIN;55235206;0;10;0;0;0;0;0;0;0;0;0;0;0;0;0;0;;;;
0000000403;57;4,16;MIN;55235206;0;10;0;0;0;0;0;0;0;0;0;0;0;0;0;0;;;;
0000000404;99;4,25;MIN;55235206;0;10;10;0;0;0;0;0;0;0;0;0;0;0;10;10;;;;
0000000405;79;4,95;MIN;55235206;0;10;0;0;0;0;0;0;0;0;0;0;0;0;0;0;;;;
0000000406;29;8,12;MIN;55235206;0;10;0;0;0;0;0;0;0;32;0;0;0;0;32;32;;;;
0000000407;32;9,75;MIN;55235206;0;22;0;0;0;0;0;0;0;0;0;50;0;0;50;50;;;;
0000000408;32;8,74;MIN;55235206;0;10;0;0;0;0;0;0;0;0;0;0;0;0;0;0;;;;
0000000409;65;5,07;MIN;55235206;0;10;0;0;0;0;0;0;0;0;0;0;0;0;0;0;;;;
0000000410;48;5,09;MIN;55235206;0;22;0;0;0;0;0;0;0;0;22;0;0;0;22;22;;;;
0000000411;134;18,83;MIN;55235206;0;38;0;0;0;0;0;0;0;0;0;33;0;0;33;33;;;;
0000000412;87;8,57;MIN;55235206;0;10;0;0;0;21;0;0;0;0;0;16;0;0;37;37;;;;
0000000413;47;7,1;MIN;55235206;0;10;0;0;0;0;0;0;0;0;0;0;0;0;0;0;;;;
0000000414;260;15;MIN;55235206;0;10;0;0;0;0;0;0;0;0;0;0;0;0;0;0;;;;
0000000415;66;5,94;MIN;55235206;0;10;0;0;0;0;0;0;0;0;57;0;0;0;57;57;;;;
0000000416;84;8;MIN;55235206;0;10;0;0;0;0;0;0;0;0;0;0;0;0;0;0;;;;
0000000417;57;4,42;MIN;55235206;0;10;62;0;0;0;0;0;0;0;0;0;0;0;62;62;;;;
0000000418;63;6,58;MIN;55235206;0;10;0;0;0;0;0;0;0;0;0;0;0;0;0;0;;;;
0000000419;28;12,65;MIN;55235206;0;10;0;0;0;0;0;0;0;0;0;0;0;0;0;0;;;;
0000000420;52;10,415;MIN;55235207;0;10;0;0;0;0;0;0;0;0;0;0;0;0;0;0;;;;
0000000421;79;10,671;MIN;55235207;0;10;0;0;0;0;0;0;0;0;0;0;0;0;0;0;;;;
0000000422;61;6,31;MIN;55235207;0;10;0;10;0;0;0;0;0;0;0;0;0;0;10;10;;;;
0000000423;25;9,88;MIN;55235207;0;10;0;0;0;0;0;0;0;0;0;0;0;0;0;0;;;;
0000000424;17;8,03;MIN;55235207;0;10;50;0;0;0;0;0;0;0;0;0;0;0;50;50;;;;
0000000425;22;9,88;MIN;55235207;0;10;0;0;0;0;0;0;0;0;0;0;0;0;0;0;;;;
0000000426;16;5,81;MIN;55235207;0;10;0;0;0;0;0;0;0;0;0;0;0;0;0;0;;;;
0000000427;16;5,68;MIN;55235207;0;10;0;0;0;0;0;0;0;0;0;0;0;0;0;0;;;;
0000000428;47;7,37;MIN;55235207;0;10;0;0;0;0;0;0;0;0;0;0;0;0;0;0;;;;
0000000429;253;8,21;MIN;55235207;0;10;0;0;0;0;0;0;0;0;0;0;0;0;0;0;;;;
0000000430;56;16,061;MIN;55235207;0;10;0;0;0;0;0;0;0;0;0;0;0;0;0;0;;;;
0000000431;39;6,175;MIN;55235207;0;10;0;0;0;0;0;0;0;0;0;0;0;0;0;0;;;;
0000000432;29;8,33;MIN;55235207;0;10;0;0;0;0;0;0;0;0;0;0;0;0;0;0;;;;
0000000433;36;8,06;MIN;55235207;0;10;0;0;0;0;0;0;0;0;0;0;0;0;0;0;;;;
0000000434;33;4,16;MIN;55235207;0;10;0;0;0;0;0;0;0;0;0;0;0;0;0;0;;;;
0000000435;32;4,29;MIN;55235207;0;10;0;0;0;1;1;0;0;1;0;0;0;0;3;3;;;;
0000000436;36;9,1;MIN;55235207;0;10;0;0;0;0;0;0;0;0;0;0;0;0;0;0;;;;
0000000437;22;4,81;MIN;55235207;0;10;0;0;0;0;0;0;0;0;0;0;0;0;0;0;;;;
0000000438;48;9,04;MIN;55235207;0;10;0;0;0;0;0;0;0;0;0;0;0;0;0;0;;;;
0000000439;67;4,46;MIN;55235207;0;10;0;0;0;0;0;0;0;0;0;0;0;0;0;0;;;;
0000000440;84;8,23;MIN;55235207;0;10;0;0;0;0;0;0;0;0;0;0;0;0;0;0;;;;
0000000441;52;5,43;MIN;55235207;0;10;0;0;0;0;0;0;0;0;0;0;0;0;0;0;;;;
0000000442;84;9,1;MIN;55235207;0;10;0;0;0;0;0;0;0;0;0;0;0;0;0;0;;;;
0000000443;27;4,95;MIN;55235207;0;10;0;2;0;0;0;0;0;0;0;1;0;0;3;3;;;;
0000000444;34;7,76;MIN;55235207;0;10;0;0;0;0;0;0;0;0;0;0;0;0;0;0;;;;
0000000445;30;5,64;MIN;55235207;0;10;0;0;0;0;0;0;0;0;0;0;0;0;0;0;;;;
0000000446;34;6,77;MIN;55235207;0;10;0;0;0;0;0;0;0;0;0;0;0;0;0;0;;;;
0000000447;34;6,71;MIN;55235207;0;10;0;0;0;0;0;0;0;0;0;0;0;0;0;0;;;;
0000000448;75;9,49;MIN;55235241;0;10;0;0;0;0;0;0;0;0;0;0;0;0;0;0;;;;
0000000449;140;8,9;MIN;55235241;0;10;0;0;0;0;0;0;0;0;0;0;0;0;0;0;;;;
0000000450;75;11,7;MIN;55235241;0;10;0;0;0;0;0;0;0;0;0;0;0;0;0;0;;;;
0000000451;102;8,45;MIN;55235241;0;10;0;0;0;0;0;0;0;0;0;0;0;0;0;0;;;;
0000000452;38;4,21;MIN;55235241;0;10;0;0;0;0;0;0;0;0;0;0;0;0;0;0;;;;
0000000453;37;6,41;MIN;55235241;0;10;0;0;0;4;0;0;0;0;0;0;0;0;4;4;;;;
0000000454;71;7,48;MIN;55235241;0;10;0;0;0;0;0;0;0;0;0;0;0;0;0;0;;;;
0000000455;38;5,46;MIN;55235241;0;10;0;0;0;0;0;0;0;0;0;0;0;0;0;0;;;;
0000000456;70;6;MIN;55235241;0;10;0;0;0;0;0;0;0;0;0;0;0;0;0;0;;;;
0000000457;51;9,12;MIN;55235241;0;10;0;0;0;0;0;0;0;0;0;0;0;0;0;0;;;;
0000000458;54;11,18;MIN;55235241;0;10;0;0;0;0;0;0;0;0;0;0;0;0;0;0;;;;
0000000459;79;12,74;MIN;55235241;0;10;0;0;0;0;0;0;0;0;0;0;0;0;0;0;;;;
0000000460;57;15,34;MIN;55235241;0;10;0;0;0;0;0;0;0;0;0;0;0;0;0;0;;;;
0000000461;65;10,79;MIN;55235241;0;10;0;0;0;0;0;0;0;0;0;0;0;0;0;0;;;;
0000000462;51;5,59;MIN;55235241;0;10;0;0;0;0;0;0;0;0;0;0;0;0;0;0;;;;
0000000463;60;21,44;MIN;55235241;0;10;0;0;0;0;0;0;0;0;0;0;0;0;0;0;;;;
0000000464;50;23,4;MIN;55235241;0;10;0;0;0;0;0;0;0;0;0;0;0;0;0;0;;;;
0000000465;60;14,7;MIN;55235241;0;10;0;0;0;0;0;0;0;0;0;0;0;0;0;0;;;;
0000000466;156;18,2;MIN;55235241;0;10;0;0;0;0;0;0;0;0;0;0;0;0;0;0;;;;
0000000467;93;10,08;MIN;55235241;0;10;0;0;0;0;0;0;0;0;0;0;0;0;0;0;;;;
0000000468;119;13,15;MIN;55235241;0;10;0;0;0;0;0;0;0;0;0;0;0;0;0;0;;;;
0000000469;119;13,15;MIN;55235241;0;10;0;0;0;0;0;0;0;0;0;0;0;0;0;0;;;;
0000000470;151;18,02;MIN;55235241;0;21;0;0;0;0;0;0;0;0;0;0;0;0;0;0;;;;
0000000471;82;11,18;MIN;55235241;0;10;0;0;0;0;0;0;0;0;0;0;0;0;0;0;;;;
0000000472;115;13,26;MIN;55235241;0;10;0;0;0;0;0;0;0;0;0;0;0;0;0;0;;;;
0000000473;112;21,05;MIN;55235241;0;10;0;0;0;0;0;0;0;0;0;0;0;0;0;0;;;;
0000000474;243;51,76;MIN;55235241;0;10;0;0;0;0;0;0;0;0;0;0;0;0;0;0;;;;
0000000475;93;13,61;MIN;55235241;0;10;0;0;0;0;0;0;0;0;0;0;0;0;0;0;;;;
0000000476;65;6,5;MIN;55235241;0;10;0;0;0;0;0;0;0;0;0;0;0;0;0;0;;;;
0000000477;102;13,16;MIN;55235241;0;10;0;0;0;0;0;0;0;0;0;0;0;0;0;0;;;;
0000000478;106;12,1;MIN;55235241;0;10;0;0;0;0;0;0;0;0;0;0;0;0;0;0;;;;
0000000479;83;11,36;MIN;55235241;0;10;0;0;17;0;0;0;0;0;0;0;0;0;17;17;;;;
0000000481;93;9;MIN;55235241;0;10;0;0;0;0;31;0;0;0;0;0;0;0;31;31;;;;
0000000482;16;10,08;MIN;55235241;0;10;0;0;0;0;0;0;0;0;0;0;0;0;0;0;;;;
0000000483;46;10,53;MIN;55235241;0;10;0;0;0;0;0;0;0;0;0;0;0;0;0;0;;;;
0000000484;46;9,49;MIN;55235241;0;10;0;0;0;0;0;0;0;0;0;0;0;0;0;0;;;;
0000000485;33;11,18;MIN;55235241;0;10;0;0;0;0;0;0;0;0;0;0;0;0;0;0;;;;
0000000486;57;9,3;MIN;55235241;0;10;0;0;0;0;0;0;0;0;0;0;0;0;0;0;;;;
0000000487;57;16,12;MIN;55235241;0;10;0;0;0;0;0;0;0;0;0;48;18;0;66;66;;;;
0000000488;57;14,69;MIN;55235241;0;10;0;0;0;0;0;0;0;0;0;0;0;0;0;0;;;;
0000000489;57;14,95;MIN;55235241;0;10;0;0;0;0;0;0;0;0;0;0;0;0;0;0;;;;
0000000490;46;9,1;MIN;55235241;0;10;0;0;0;0;0;0;0;0;0;0;0;0;0;0;;;;
0000000491;46;16,77;MIN;55235241;0;10;0;0;0;0;0;0;0;0;0;0;0;0;0;0;;;;
0000000492;57;12,74;MIN;55235241;0;10;0;0;0;0;0;0;0;0;0;0;0;0;0;0;;;;
;;;;;;;;;;;;;;;;;;;;;;;;
;;;;;;;;;;;;;;;;;;;;;;;;
;;;;;;;;;;;;;;;;;;;;;;;;
;;;;;;;;;;;;;;;;;;;;;;;;
;;;;;;;;;;;;;;;;;;;;;;;;
;;;;;;;;;;;;;;;;;;;;;;;;
;;;;;;;;;;;;;;;;;;;;;;;;
;;;;;;;;;;;;;;;;;;;;;;;;
;;;;;;;;;;;;;;;;;;;;;;;;
;;;;;;;;;;;;;;;;;;;;;;;;
;;;;;;;;;;;;;;;;;;;;;;;;
;;;;;;;;;;;;;;;;;;;;;;;;
;;;;;;;;;;;;;;;;;;;;;;;;
;;;;;;;;;;;;;;;;;;;;;;;;
;;;;;;;;;;;;;;;;;;;;;;;;
;;;;;;;;;;;;;;;;;;;;;;;;
;;;;;;;;;;;;;;;;;;;;;;;;
;;;;;;;;;;;;;;;;;;;;;;;;
;;;;;;;;;;;;;;;;;;;;;;;;
;;;;;;;;;;;;;;;;;;;;;;;;
;;;;;;;;;;;;;;;;;;;;;;;;
;;;;;;;;;;;;;;;;;;;;;;;;
;;;;;;;;;;;;;;;;;;;;;;;;
;;;;;;;;;;;;;;;;;;;;;;;;
;;;;;;;;;;;;;;;;;;;;;;;;
;;;;;;;;;;;;;;;;;;;;;;;;
;;;;;;;;;;;;;;;;;;;;;;;;
;;;;;;;;;;;;;;;;;;;;;;;;
;;;;;;;;;;;;;;;;;;;;;;;;
;;;;;;;;;;;;;;;;;;;;;;;;
;;;;;;;;;;;;;;;;;;;;;;;;
;;;;;;;;;;;;;;;;;;;;;;;;
;;;;;;;;;;;;;;;;;;;;;;;;
;;;;;;;;;;;;;;;;;;;;;;;;
;;;;;;;;;;;;;;;;;;;;;;;;
;;;;;;;;;;;;;;;;;;;;;;;;
;;;;;;;;;;;;;;;;;;;;;;;;
;;;;;;;;;;;;;;;;;;;;;;;;
;;;;;;;;;;;;;;;;;;;;;;;;
;;;;;;;;;;;;;;;;;;;;;;;;
;;;;;;;;;;;;;;;;;;;;;;;;
;;;;;;;;;;;;;;;;;;;;;;;;
;;;;;;;;;;;;;;;;;;;;;;;;
;;;;;;;;;;;;;;;;;;;;;;;;
;;;;;;;;;;;;;;;;;;;;;;;;
;;;;;;;;;;;;;;;;;;;;;;;;
;;;;;;;;;;;;;;;;;;;;;;;;
;;;;;;;;;;;;;;;;;;;;;;;;
;;;;;;;;;;;;;;;;;;;;;;;;
;;;;;;;;;;;;;;;;;;;;;;;;
;;;;;;;;;;;;;;;;;;;;;;;;
;;;;;;;;;;;;;;;;;;;;;;;;
;;;;;;;;;;;;;;;;;;;;;;;;
;;;;;;;;;;;;;;;;;;;;;;;;
;;;;;;;;;;;;;;;;;;;;;;;;
;;;;;;;;;;;;;;;;;;;;;;;;
;;;;;;;;;;;;;;;;;;;;;;;;
;;;;;;;;;;;;;;;;;;;;;;;;
;;;;;;;;;;;;;;;;;;;;;;;;
;;;;;;;;;;;;;;;;;;;;;;;;
;;;;;;;;;;;;;;;;;;;;;;;;
;;;;;;;;;;;;;;;;;;;;;;;;
;;;;;;;;;;;;;;;;;;;;;;;;
;;;;;;;;;;;;;;;;;;;;;;;;
;;;;;;;;;;;;;;;;;;;;;;;;
;;;;;;;;;;;;;;;;;;;;;;;;
;;;;;;;;;;;;;;;;;;;;;;;;
;;;;;;;;;;;;;;;;;;;;;;;;
;;;;;;;;;;;;;;;;;;;;;;;;
;;;;;;;;;;;;;;;;;;;;;;;;
;;;;;;;;;;;;;;;;;;;;;;;;
;;;;;;;;;;;;;;;;;;;;;;;;
;;;;;;;;;;;;;;;;;;;;;;;;
;;;;;;;;;;;;;;;;;;;;;;;;
;;;;;;;;;;;;;;;;;;;;;;;;
;;;;;;;;;;;;;;;;;;;;;;;;
;;;;;;;;;;;;;;;;;;;;;;;;
;;;;;;;;;;;;;;;;;;;;;;;;
;;;;;;;;;;;;;;;;;;;;;;;;
;;;;;;;;;;;;;;;;;;;;;;;;
;;;;;;;;;;;;;;;;;;;;;;;;
;;;;;;;;;;;;;;;;;;;;;;;;
;;;;;;;;;;;;;;;;;;;;;;;;
;;;;;;;;;;;;;;;;;;;;;;;;
;;;;;;;;;;;;;;;;;;;;;;;;
;;;;;;;;;;;;;;;;;;;;;;;;
;;;;;;;;;;;;;;;;;;;;;;;;
;;;;;;;;;;;;;;;;;;;;;;;;
;;;;;;;;;;;;;;;;;;;;;;;;
;;;;;;;;;;;;;;;;;;;;;;;;
;;;;;;;;;;;;;;;;;;;;;;;;
;;;;;;;;;;;;;;;;;;;;;;;;
;;;;;;;;;;;;;;;;;;;;;;;;
;;;;;;;;;;;;;;;;;;;;;;;;
;;;;;;;;;;;;;;;;;;;;;;;;
;;;;;;;;;;;;;;;;;;;;;;;;
;;;;;;;;;;;;;;;;;;;;;;;;
;;;;;;;;;;;;;;;;;;;;;;;;
;;;;;;;;;;;;;;;;;;;;;;;;
;;;;;;;;;;;;;;;;;;;;;;;;
;;;;;;;;;;;;;;;;;;;;;;;;
;;;;;;;;;;;;;;;;;;;;;;;;
;;;;;;;;;;;;;;;;;;;;;;;;
;;;;;;;;;;;;;;;;;;;;;;;;
;;;;;;;;;;;;;;;;;;;;;;;;
;;;;;;;;;;;;;;;;;;;;;;;;
;;;;;;;;;;;;;;;;;;;;;;;;
;;;;;;;;;;;;;;;;;;;;;;;;
;;;;;;;;;;;;;;;;;;;;;;;;
;;;;;;;;;;;;;;;;;;;;;;;;
;;;;;;;;;;;;;;;;;;;;;;;;
;;;;;;;;;;;;;;;;;;;;;;;;
;;;;;;;;;;;;;;;;;;;;;;;;
;;;;;;;;;;;;;;;;;;;;;;;;
;;;;;;;;;;;;;;;;;;;;;;;;
;;;;;;;;;;;;;;;;;;;;;;;;
;;;;;;;;;;;;;;;;;;;;;;;;
;;;;;;;;;;;;;;;;;;;;;;;;
;;;;;;;;;;;;;;;;;;;;;;;;
;;;;;;;;;;;;;;;;;;;;;;;;
;;;;;;;;;;;;;;;;;;;;;;;;
;;;;;;;;;;;;;;;;;;;;;;;;
;;;;;;;;;;;;;;;;;;;;;;;;
;;;;;;;;;;;;;;;;;;;;;;;;
;;;;;;;;;;;;;;;;;;;;;;;;
;;;;;;;;;;;;;;;;;;;;;;;;
;;;;;;;;;;;;;;;;;;;;;;;;
;;;;;;;;;;;;;;;;;;;;;;;;
;;;;;;;;;;;;;;;;;;;;;;;;
;;;;;;;;;;;;;;;;;;;;;;;;
;;;;;;;;;;;;;;;;;;;;;;;;
;;;;;;;;;;;;;;;;;;;;;;;;
;;;;;;;;;;;;;;;;;;;;;;;;
;;;;;;;;;;;;;;;;;;;;;;;;
;;;;;;;;;;;;;;;;;;;;;;;;
;;;;;;;;;;;;;;;;;;;;;;;;
;;;;;;;;;;;;;;;;;;;;;;;;
;;;;;;;;;;;;;;;;;;;;;;;;
;;;;;;;;;;;;;;;;;;;;;;;;
;;;;;;;;;;;;;;;;;;;;;;;;
;;;;;;;;;;;;;;;;;;;;;;;;
;;;;;;;;;;;;;;;;;;;;;;;;
;;;;;;;;;;;;;;;;;;;;;;;;
;;;;;;;;;;;;;;;;;;;;;;;;
;;;;;;;;;;;;;;;;;;;;;;;;
;;;;;;;;;;;;;;;;;;;;;;;;
;;;;;;;;;;;;;;;;;;;;;;;;
;;;;;;;;;;;;;;;;;;;;;;;;
;;;;;;;;;;;;;;;;;;;;;;;;
;;;;;;;;;;;;;;;;;;;;;;;;
;;;;;;;;;;;;;;;;;;;;;;;;
;;;;;;;;;;;;;;;;;;;;;;;;
;;;;;;;;;;;;;;;;;;;;;;;;
;;;;;;;;;;;;;;;;;;;;;;;;
;;;;;;;;;;;;;;;;;;;;;;;;
;;;;;;;;;;;;;;;;;;;;;;;;
;;;;;;;;;;;;;;;;;;;;;;;;
;;;;;;;;;;;;;;;;;;;;;;;;
;;;;;;;;;;;;;;;;;;;;;;;;
;;;;;;;;;;;;;;;;;;;;;;;;
;;;;;;;;;;;;;;;;;;;;;;;;
;;;;;;;;;;;;;;;;;;;;;;;;
;;;;;;;;;;;;;;;;;;;;;;;;
;;;;;;;;;;;;;;;;;;;;;;;;
;;;;;;;;;;;;;;;;;;;;;;;;
;;;;;;;;;;;;;;;;;;;;;;;;
;;;;;;;;;;;;;;;;;;;;;;;;
;;;;;;;;;;;;;;;;;;;;;;;;
;;;;;;;;;;;;;;;;;;;;;;;;
;;;;;;;;;;;;;;;;;;;;;;;;
;;;;;;;;;;;;;;;;;;;;;;;;
;;;;;;;;;;;;;;;;;;;;;;;;
;;;;;;;;;;;;;;;;;;;;;;;;
;;;;;;;;;;;;;;;;;;;;;;;;
;;;;;;;;;;;;;;;;;;;;;;;;
;;;;;;;;;;;;;;;;;;;;;;;;
;;;;;;;;;;;;;;;;;;;;;;;;
;;;;;;;;;;;;;;;;;;;;;;;;
;;;;;;;;;;;;;;;;;;;;;;;;
;;;;;;;;;;;;;;;;;;;;;;;;
;;;;;;;;;;;;;;;;;;;;;;;;
;;;;;;;;;;;;;;;;;;;;;;;;
;;;;;;;;;;;;;;;;;;;;;;;;
;;;;;;;;;;;;;;;;;;;;;;;;
;;;;;;;;;;;;;;;;;;;;;;;;
;;;;;;;;;;;;;;;;;;;;;;;;
;;;;;;;;;;;;;;;;;;;;;;;;
;;;;;;;;;;;;;;;;;;;;;;;;
;;;;;;;;;;;;;;;;;;;;;;;;
;;;;;;;;;;;;;;;;;;;;;;;;
;;;;;;;;;;;;;;;;;;;;;;;;
;;;;;;;;;;;;;;;;;;;;;;;;
;;;;;;;;;;;;;;;;;;;;;;;;
;;;;;;;;;;;;;;;;;;;;;;;;
;;;;;;;;;;;;;;;;;;;;;;;;
;;;;;;;;;;;;;;;;;;;;;;;;
;;;;;;;;;;;;;;;;;;;;;;;;
;;;;;;;;;;;;;;;;;;;;;;;;
;;;;;;;;;;;;;;;;;;;;;;;;
;;;;;;;;;;;;;;;;;;;;;;;;
;;;;;;;;;;;;;;;;;;;;;;;;
;;;;;;;;;;;;;;;;;;;;;;;;
;;;;;;;;;;;;;;;;;;;;;;;;
;;;;;;;;;;;;;;;;;;;;;;;;
;;;;;;;;;;;;;;;;;;;;;;;;
;;;;;;;;;;;;;;;;;;;;;;;;
;;;;;;;;;;;;;;;;;;;;;;;;
;;;;;;;;;;;;;;;;;;;;;;;;
;;;;;;;;;;;;;;;;;;;;;;;;
;;;;;;;;;;;;;;;;;;;;;;;;
;;;;;;;;;;;;;;;;;;;;;;;;
;;;;;;;;;;;;;;;;;;;;;;;;
;;;;;;;;;;;;;;;;;;;;;;;;
;;;;;;;;;;;;;;;;;;;;;;;;
;;;;;;;;;;;;;;;;;;;;;;;;
;;;;;;;;;;;;;;;;;;;;;;;;
;;;;;;;;;;;;;;;;;;;;;;;;
;;;;;;;;;;;;;;;;;;;;;;;;
;;;;;;;;;;;;;;;;;;;;;;;;
;;;;;;;;;;;;;;;;;;;;;;;;
;;;;;;;;;;;;;;;;;;;;;;;;
;;;;;;;;;;;;;;;;;;;;;;;;
;;;;;;;;;;;;;;;;;;;;;;;;
;;;;;;;;;;;;;;;;;;;;;;;;
;;;;;;;;;;;;;;;;;;;;;;;;
;;;;;;;;;;;;;;;;;;;;;;;;
;;;;;;;;;;;;;;;;;;;;;;;;
;;;;;;;;;;;;;;;;;;;;;;;;
;;;;;;;;;;;;;;;;;;;;;;;;
;;;;;;;;;;;;;;;;;;;;;;;;
;;;;;;;;;;;;;;;;;;;;;;;;
;;;;;;;;;;;;;;;;;;;;;;;;
;;;;;;;;;;;;;;;;;;;;;;;;
;;;;;;;;;;;;;;;;;;;;;;;;
;;;;;;;;;;;;;;;;;;;;;;;;
;;;;;;;;;;;;;;;;;;;;;;;;
;;;;;;;;;;;;;;;;;;;;;;;;
;;;;;;;;;;;;;;;;;;;;;;;;
;;;;;;;;;;;;;;;;;;;;;;;;
;;;;;;;;;;;;;;;;;;;;;;;;
;;;;;;;;;;;;;;;;;;;;;;;;
;;;;;;;;;;;;;;;;;;;;;;;;
;;;;;;;;;;;;;;;;;;;;;;;;
;;;;;;;;;;;;;;;;;;;;;;;;
;;;;;;;;;;;;;;;;;;;;;;;;
;;;;;;;;;;;;;;;;;;;;;;;;
;;;;;;;;;;;;;;;;;;;;;;;;
;;;;;;;;;;;;;;;;;;;;;;;;
;;;;;;;;;;;;;;;;;;;;;;;;
;;;;;;;;;;;;;;;;;;;;;;;;
;;;;;;;;;;;;;;;;;;;;;;;;
;;;;;;;;;;;;;;;;;;;;;;;;
;;;;;;;;;;;;;;;;;;;;;;;;
;;;;;;;;;;;;;;;;;;;;;;;;
;;;;;;;;;;;;;;;;;;;;;;;;
;;;;;;;;;;;;;;;;;;;;;;;;
;;;;;;;;;;;;;;;;;;;;;;;;
;;;;;;;;;;;;;;;;;;;;;;;;
;;;;;;;;;;;;;;;;;;;;;;;;
;;;;;;;;;;;;;;;;;;;;;;;;
;;;;;;;;;;;;;;;;;;;;;;;;
;;;;;;;;;;;;;;;;;;;;;;;;
;;;;;;;;;;;;;;;;;;;;;;;;
;;;;;;;;;;;;;;;;;;;;;;;;
;;;;;;;;;;;;;;;;;;;;;;;;
;;;;;;;;;;;;;;;;;;;;;;;;
;;;;;;;;;;;;;;;;;;;;;;;;
;;;;;;;;;;;;;;;;;;;;;;;;
;;;;;;;;;;;;;;;;;;;;;;;;
;;;;;;;;;;;;;;;;;;;;;;;;
;;;;;;;;;;;;;;;;;;;;;;;;
;;;;;;;;;;;;;;;;;;;;;;;;
;;;;;;;;;;;;;;;;;;;;;;;;
;;;;;;;;;;;;;;;;;;;;;;;;
;;;;;;;;;;;;;;;;;;;;;;;;
;;;;;;;;;;;;;;;;;;;;;;;;
;;;;;;;;;;;;;;;;;;;;;;;;
;;;;;;;;;;;;;;;;;;;;;;;;
;;;;;;;;;;;;;;;;;;;;;;;;
;;;;;;;;;;;;;;;;;;;;;;;;
;;;;;;;;;;;;;;;;;;;;;;;;
;;;;;;;;;;;;;;;;;;;;;;;;
;;;;;;;;;;;;;;;;;;;;;;;;
;;;;;;;;;;;;;;;;;;;;;;;;
;;;;;;;;;;;;;;;;;;;;;;;;
;;;;;;;;;;;;;;;;;;;;;;;;
;;;;;;;;;;;;;;;;;;;;;;;;
;;;;;;;;;;;;;;;;;;;;;;;;
;;;;;;;;;;;;;;;;;;;;;;;;
;;;;;;;;;;;;;;;;;;;;;;;;
;;;;;;;;;;;;;;;;;;;;;;;;
;;;;;;;;;;;;;;;;;;;;;;;;
;;;;;;;;;;;;;;;;;;;;;;;;
;;;;;;;;;;;;;;;;;;;;;;;;
;;;;;;;;;;;;;;;;;;;;;;;;
;;;;;;;;;;;;;;;;;;;;;;;;
;;;;;;;;;;;;;;;;;;;;;;;;
;;;;;;;;;;;;;;;;;;;;;;;;
;;;;;;;;;;;;;;;;;;;;;;;;
;;;;;;;;;;;;;;;;;;;;;;;;
;;;;;;;;;;;;;;;;;;;;;;;;
;;;;;;;;;;;;;;;;;;;;;;;;
;;;;;;;;;;;;;;;;;;;;;;;;
;;;;;;;;;;;;;;;;;;;;;;;;
;;;;;;;;;;;;;;;;;;;;;;;;
;;;;;;;;;;;;;;;;;;;;;;;;
;;;;;;;;;;;;;;;;;;;;;;;;
;;;;;;;;;;;;;;;;;;;;;;;;
;;;;;;;;;;;;;;;;;;;;;;;;
;;;;;;;;;;;;;;;;;;;;;;;;
;;;;;;;;;;;;;;;;;;;;;;;;
;;;;;;;;;;;;;;;;;;;;;;;;
;;;;;;;;;;;;;;;;;;;;;;;;
;;;;;;;;;;;;;;;;;;;;;;;;
;;;;;;;;;;;;;;;;;;;;;;;;
;;;;;;;;;;;;;;;;;;;;;;;;
;;;;;;;;;;;;;;;;;;;;;;;;
;;;;;;;;;;;;;;;;;;;;;;;;
;;;;;;;;;;;;;;;;;;;;;;;;
;;;;;;;;;;;;;;;;;;;;;;;;
;;;;;;;;;;;;;;;;;;;;;;;;
;;;;;;;;;;;;;;;;;;;;;;;;
;;;;;;;;;;;;;;;;;;;;;;;;
;;;;;;;;;;;;;;;;;;;;;;;;
;;;;;;;;;;;;;;;;;;;;;;;;
;;;;;;;;;;;;;;;;;;;;;;;;
;;;;;;;;;;;;;;;;;;;;;;;;
;;;;;;;;;;;;;;;;;;;;;;;;
;;;;;;;;;;;;;;;;;;;;;;;;
;;;;;;;;;;;;;;;;;;;;;;;;
;;;;;;;;;;;;;;;;;;;;;;;;
;;;;;;;;;;;;;;;;;;;;;;;;
;;;;;;;;;;;;;;;;;;;;;;;;
;;;;;;;;;;;;;;;;;;;;;;;;
;;;;;;;;;;;;;;;;;;;;;;;;
;;;;;;;;;;;;;;;;;;;;;;;;
;;;;;;;;;;;;;;;;;;;;;;;;
;;;;;;;;;;;;;;;;;;;;;;;;
;;;;;;;;;;;;;;;;;;;;;;;;
;;;;;;;;;;;;;;;;;;;;;;;;
;;;;;;;;;;;;;;;;;;;;;;;;
;;;;;;;;;;;;;;;;;;;;;;;;
;;;;;;;;;;;;;;;;;;;;;;;;
;;;;;;;;;;;;;;;;;;;;;;;;
;;;;;;;;;;;;;;;;;;;;;;;;
;;;;;;;;;;;;;;;;;;;;;;;;
;;;;;;;;;;;;;;;;;;;;;;;;
;;;;;;;;;;;;;;;;;;;;;;;;
;;;;;;;;;;;;;;;;;;;;;;;;
;;;;;;;;;;;;;;;;;;;;;;;;
;;;;;;;;;;;;;;;;;;;;;;;;
;;;;;;;;;;;;;;;;;;;;;;;;
;;;;;;;;;;;;;;;;;;;;;;;;
;;;;;;;;;;;;;;;;;;;;;;;;
;;;;;;;;;;;;;;;;;;;;;;;;
;;;;;;;;;;;;;;;;;;;;;;;;
;;;;;;;;;;;;;;;;;;;;;;;;
;;;;;;;;;;;;;;;;;;;;;;;;
;;;;;;;;;;;;;;;;;;;;;;;;
;;;;;;;;;;;;;;;;;;;;;;;;
;;;;;;;;;;;;;;;;;;;;;;;;
;;;;;;;;;;;;;;;;;;;;;;;;
;;;;;;;;;;;;;;;;;;;;;;;;
;;;;;;;;;;;;;;;;;;;;;;;;
;;;;;;;;;;;;;;;;;;;;;;;;
;;;;;;;;;;;;;;;;;;;;;;;;
;;;;;;;;;;;;;;;;;;;;;;;;
;;;;;;;;;;;;;;;;;;;;;;;;
;;;;;;;;;;;;;;;;;;;;;;;;
;;;;;;;;;;;;;;;;;;;;;;;;
;;;;;;;;;;;;;;;;;;;;;;;;
;;;;;;;;;;;;;;;;;;;;;;;;
;;;;;;;;;;;;;;;;;;;;;;;;
;;;;;;;;;;;;;;;;;;;;;;;;
;;;;;;;;;;;;;;;;;;;;;;;;
;;;;;;;;;;;;;;;;;;;;;;;;
;;;;;;;;;;;;;;;;;;;;;;;;
;;;;;;;;;;;;;;;;;;;;;;;;
;;;;;;;;;;;;;;;;;;;;;;;;
;;;;;;;;;;;;;;;;;;;;;;;;
;;;;;;;;;;;;;;;;;;;;;;;;
;;;;;;;;;;;;;;;;;;;;;;;;
;;;;;;;;;;;;;;;;;;;;;;;;
;;;;;;;;;;;;;;;;;;;;;;;;
;;;;;;;;;;;;;;;;;;;;;;;;
;;;;;;;;;;;;;;;;;;;;;;;;
;;;;;;;;;;;;;;;;;;;;;;;;
;;;;;;;;;;;;;;;;;;;;;;;;
;;;;;;;;;;;;;;;;;;;;;;;;
;;;;;;;;;;;;;;;;;;;;;;;;
;;;;;;;;;;;;;;;;;;;;;;;;
;;;;;;;;;;;;;;;;;;;;;;;;
;;;;;;;;;;;;;;;;;;;;;;;;
;;;;;;;;;;;;;;;;;;;;;;;;
;;;;;;;;;;;;;;;;;;;;;;;;
;;;;;;;;;;;;;;;;;;;;;;;;
;;;;;;;;;;;;;;;;;;;;;;;;
;;;;;;;;;;;;;;;;;;;;;;;;
;;;;;;;;;;;;;;;;;;;;;;;;
;;;;;;;;;;;;;;;;;;;;;;;;
;;;;;;;;;;;;;;;;;;;;;;;;
;;;;;;;;;;;;;;;;;;;;;;;;
;;;;;;;;;;;;;;;;;;;;;;;;
;;;;;;;;;;;;;;;;;;;;;;;;
;;;;;;;;;;;;;;;;;;;;;;;;
;;;;;;;;;;;;;;;;;;;;;;;;
;;;;;;;;;;;;;;;;;;;;;;;;
;;;;;;;;;;;;;;;;;;;;;;;;
;;;;;;;;;;;;;;;;;;;;;;;;
;;;;;;;;;;;;;;;;;;;;;;;;
;;;;;;;;;;;;;;;;;;;;;;;;
;;;;;;;;;;;;;;;;;;;;;;;;
;;;;;;;;;;;;;;;;;;;;;;;;
;;;;;;;;;;;;;;;;;;;;;;;;
;;;;;;;;;;;;;;;;;;;;;;;;
;;;;;;;;;;;;;;;;;;;;;;;;
;;;;;;;;;;;;;;;;;;;;;;;;
;;;;;;;;;;;;;;;;;;;;;;;;
;;;;;;;;;;;;;;;;;;;;;;;;
;;;;;;;;;;;;;;;;;;;;;;;;
;;;;;;;;;;;;;;;;;;;;;;;;
;;;;;;;;;;;;;;;;;;;;;;;;
;;;;;;;;;;;;;;;;;;;;;;;;
;;;;;;;;;;;;;;;;;;;;;;;;
;;;;;;;;;;;;;;;;;;;;;;;;
;;;;;;;;;;;;;;;;;;;;;;;;
;;;;;;;;;;;;;;;;;;;;;;;;
;;;;;;;;;;;;;;;;;;;;;;;;
;;;;;;;;;;;;;;;;;;;;;;;;
;;;;;;;;;;;;;;;;;;;;;;;;
;;;;;;;;;;;;;;;;;;;;;;;;
;;;;;;;;;;;;;;;;;;;;;;;;
;;;;;;;;;;;;;;;;;;;;;;;;
;;;;;;;;;;;;;;;;;;;;;;;;
;;;;;;;;;;;;;;;;;;;;;;;;
;;;;;;;;;;;;;;;;;;;;;;;;
;;;;;;;;;;;;;;;;;;;;;;;;
;;;;;;;;;;;;;;;;;;;;;;;;
;;;;;;;;;;;;;;;;;;;;;;;;
;;;;;;;;;;;;;;;;;;;;;;;;
;;;;;;;;;;;;;;;;;;;;;;;;
;;;;;;;;;;;;;;;;;;;;;;;;
;;;;;;;;;;;;;;;;;;;;;;;;
;;;;;;;;;;;;;;;;;;;;;;;;
;;;;;;;;;;;;;;;;;;;;;;;;
;;;;;;;;;;;;;;;;;;;;;;;;
;;;;;;;;;;;;;;;;;;;;;;;;
;;;;;;;;;;;;;;;;;;;;;;;;
;;;;;;;;;;;;;;;;;;;;;;;;
;;;;;;;;;;;;;;;;;;;;;;;;
;;;;;;;;;;;;;;;;;;;;;;;;
;;;;;;;;;;;;;;;;;;;;;;;;
;;;;;;;;;;;;;;;;;;;;;;;;
;;;;;;;;;;;;;;;;;;;;;;;;
;;;;;;;;;;;;;;;;;;;;;;;;
;;;;;;;;;;;;;;;;;;;;;;;;
;;;;;;;;;;;;;;;;;;;;;;;;
;;;;;;;;;;;;;;;;;;;;;;;;
;;;;;;;;;;;;;;;;;;;;;;;;
;;;;;;;;;;;;;;;;;;;;;;;;
;;;;;;;;;;;;;;;;;;;;;;;;
;;;;;;;;;;;;;;;;;;;;;;;;
;;;;;;;;;;;;;;;;;;;;;;;;
;;;;;;;;;;;;;;;;;;;;;;;;
;;;;;;;;;;;;;;;;;;;;;;;;
;;;;;;;;;;;;;;;;;;;;;;;;
;;;;;;;;;;;;;;;;;;;;;;;;
;;;;;;;;;;;;;;;;;;;;;;;;
;;;;;;;;;;;;;;;;;;;;;;;;
;;;;;;;;;;;;;;;;;;;;;;;;
;;;;;;;;;;;;;;;;;;;;;;;;
;;;;;;;;;;;;;;;;;;;;;;;;
;;;;;;;;;;;;;;;;;;;;;;;;
;;;;;;;;;;;;;;;;;;;;;;;;
;;;;;;;;;;;;;;;;;;;;;;;;
;;;;;;;;;;;;;;;;;;;;;;;;
;;;;;;;;;;;;;;;;;;;;;;;;
;;;;;;;;;;;;;;;;;;;;;;;;
;;;;;;;;;;;;;;;;;;;;;;;;
;;;;;;;;;;;;;;;;;;;;;;;;
;;;;;;;;;;;;;;;;;;;;;;;;
;;;;;;;;;;;;;;;;;;;;;;;;
;;;;;;;;;;;;;;;;;;;;;;;;
;;;;;;;;;;;;;;;;;;;;;;;;
;;;;;;;;;;;;;;;;;;;;;;;;
;;;;;;;;;;;;;;;;;;;;;;;;
;;;;;;;;;;;;;;;;;;;;;;;;
;;;;;;;;;;;;;;;;;;;;;;;;
;;;;;;;;;;;;;;;;;;;;;;;;
;;;;;;;;;;;;;;;;;;;;;;;;
;;;;;;;;;;;;;;;;;;;;;;;;
;;;;;;;;;;;;;;;;;;;;;;;;
;;;;;;;;;;;;;;;;;;;;;;;;
;;;;;;;;;;;;;;;;;;;;;;;;
;;;;;;;;;;;;;;;;;;;;;;;;
;;;;;;;;;;;;;;;;;;;;;;;;
;;;;;;;;;;;;;;;;;;;;;;;;
;;;;;;;;;;;;;;;;;;;;;;;;
;;;;;;;;;;;;;;;;;;;;;;;;
;;;;;;;;;;;;;;;;;;;;;;;;
;;;;;;;;;;;;;;;;;;;;;;;;
;;;;;;;;;;;;;;;;;;;;;;;;
;;;;;;;;;;;;;;;;;;;;;;;;
;;;;;;;;;;;;;;;;;;;;;;;;
;;;;;;;;;;;;;;;;;;;;;;;;
;;;;;;;;;;;;;;;;;;;;;;;;
;;;;;;;;;;;;;;;;;;;;;;;;
;;;;;;;;;;;;;;;;;;;;;;;;
